{"cameraMode":{"drawMode":0,"name":"Shaded","section":"Shading Mode"},"sceneLighting":true,"audioPlay":false,"sceneViewState":{"m_AlwaysRefresh":false,"showFog":true,"showSkybox":true,"showFlares":true,"showImageEffects":true,"showParticleSystems":true,"showVisualEffectGraphs":true,"m_FxEnabled":true},"in2DMode":false,"pivot":{"x":811.211181640625,"y":530.3779907226563,"z":-50.90584182739258},"rotation":{"x":-0.0002326240501133725,"y":0.9996868968009949,"z":-0.022806301712989808,"w":-0.010196239687502385},"size":511.1438293457031,"orthographic":false}